,index,submission_id,user,utc,score,title,body,subreddit,date,content,word_p_dist,entropy,novelty,transience,novelty_5,transience_5,impact,impact_5
0,43,bhyr2a,AliceTheGamedev,1556369361.0,6,Welcome to GamesWithHorses!,"Hi I'm Alice. I make video games and write about them. 

I've wanted good horse games for years and was always disappointed with what's out there so I finally decided to take matters into my own hands. 

These days, I'm working on a [horse game inspired by Stardew Valley](http://aliceruppert.ch/horsegame.html) and I'm running a blog/website called [The Mane Quest](https://www.themanequest.com/) where I write news, reviews, analyses and developer interviews about horses in video games. 

The idea for this subreddit came up on the Horses and Video Games discord, [which you can join here](https://discord.gg/6v96y2f).

Feel free to use this thread for introductions etc. If you're also on the Discord, you may want to share your username so we can RES-tag each other and know who we're talking to, if you like üòä",GamesWithHorses,2019-04-27 12:49:21,"Hi I'm Alice. I make video games and write about them. 

I've wanted good horse games for years and was always disappointed with what's out there so I finally decided to take matters into my own hands. 

These days, I'm working on a [horse game inspired by Stardew Valley](http://aliceruppert.ch/horsegame.html) and I'm running a blog/website called [The Mane Quest](https://www.themanequest.com/) where I write news, reviews, analyses and developer interviews about horses in video games. 

The idea for this subreddit came up on the Horses and Video Games discord, [which you can join here](https://discord.gg/6v96y2f).

Feel free to use this thread for introductions etc. If you're also on the Discord, you may want to share your username so we can RES-tag each other and know who we're talking to, if you like üòäWelcome to GamesWithHorses!","{'Hi': 0.007633587786259542, ""I'm"": 0.022900763358778626, 'Alice.': 0.007633587786259542, 'I': 0.022900763358778626, 'make': 0.007633587786259542, 'video': 0.015267175572519083, 'games': 0.015267175572519083, 'and': 0.04580152671755725, 'write': 0.015267175572519083, 'about': 0.015267175572519083, 'them.': 0.007633587786259542, ""I've"": 0.007633587786259542, 'wanted': 0.007633587786259542, 'good': 0.007633587786259542, 'horse': 0.007633587786259542, 'for': 0.022900763358778626, 'years': 0.007633587786259542, 'was': 0.007633587786259542, 'always': 0.007633587786259542, 'disappointed': 0.007633587786259542, 'with': 0.007633587786259542, ""what's"": 0.007633587786259542, 'out': 0.007633587786259542, 'there': 0.007633587786259542, 'so': 0.015267175572519083, 'finally': 0.007633587786259542, 'decided': 0.007633587786259542, 'to': 0.030534351145038167, 'take': 0.007633587786259542, 'matters': 0.007633587786259542, 'into': 0.007633587786259542, 'my': 0.007633587786259542, 'own': 0.007633587786259542, 'hands.': 0.007633587786259542, 'These': 0.007633587786259542, 'days,': 0.007633587786259542, 'working': 0.007633587786259542, 'on': 0.022900763358778626, 'a': 0.015267175572519083, '[horse': 0.007633587786259542, 'game': 0.007633587786259542, 'inspired': 0.007633587786259542, 'by': 0.007633587786259542, 'Stardew': 0.007633587786259542, 'Valley](http://aliceruppert.ch/horsegame.html)': 0.007633587786259542, 'running': 0.007633587786259542, 'blog/website': 0.007633587786259542, 'called': 0.007633587786259542, '[The': 0.007633587786259542, 'Mane': 0.007633587786259542, 'Quest](https://www.themanequest.com/)': 0.007633587786259542, 'where': 0.007633587786259542, 'news,': 0.007633587786259542, 'reviews,': 0.007633587786259542, 'analyses': 0.007633587786259542, 'developer': 0.007633587786259542, 'interviews': 0.007633587786259542, 'horses': 0.007633587786259542, 'in': 0.007633587786259542, 'games.': 0.007633587786259542, 'The': 0.007633587786259542, 'idea': 0.007633587786259542, 'this': 0.015267175572519083, 'subreddit': 0.007633587786259542, 'came': 0.007633587786259542, 'up': 0.007633587786259542, 'the': 0.015267175572519083, 'Horses': 0.007633587786259542, 'Video': 0.007633587786259542, 'Games': 0.007633587786259542, 'discord,': 0.007633587786259542, '[which': 0.007633587786259542, 'you': 0.022900763358778626, 'can': 0.015267175572519083, 'join': 0.007633587786259542, 'here](https://discord.gg/6v96y2f).': 0.007633587786259542, 'Feel': 0.007633587786259542, 'free': 0.007633587786259542, 'use': 0.007633587786259542, 'thread': 0.007633587786259542, 'introductions': 0.007633587786259542, 'etc.': 0.007633587786259542, 'If': 0.007633587786259542, ""you're"": 0.007633587786259542, 'also': 0.007633587786259542, 'Discord,': 0.007633587786259542, 'may': 0.007633587786259542, 'want': 0.007633587786259542, 'share': 0.007633587786259542, 'your': 0.007633587786259542, 'username': 0.007633587786259542, 'we': 0.007633587786259542, 'RES-tag': 0.007633587786259542, 'each': 0.007633587786259542, 'other': 0.007633587786259542, 'know': 0.007633587786259542, 'who': 0.007633587786259542, ""we're"": 0.007633587786259542, 'talking': 0.007633587786259542, 'to,': 0.007633587786259542, 'if': 0.007633587786259542, 'like': 0.007633587786259542, 'üòäWelcome': 0.007633587786259542, 'GamesWithHorses!': 0.007633587786259542}",6.535070234246271,,5.580846232293766,,6.116048729000875,,
1,42,bhyus8,AliceTheGamedev,1556370153.0,3,"I'm playing Windstorm: Ari's Arrival for an upcoming review, and it looks a lot better than the first game imho",,GamesWithHorses,2019-04-27 13:02:33,"I'm playing Windstorm: Ari's Arrival for an upcoming review, and it looks a lot better than the first game imho","{""I'm"": 0.05, 'playing': 0.05, 'Windstorm:': 0.05, ""Ari's"": 0.05, 'Arrival': 0.05, 'for': 0.05, 'an': 0.05, 'upcoming': 0.05, 'review,': 0.05, 'and': 0.05, 'it': 0.05, 'looks': 0.05, 'a': 0.05, 'lot': 0.05, 'better': 0.05, 'than': 0.05, 'the': 0.05, 'first': 0.05, 'game': 0.05, 'imho': 0.05}",4.321928094887362,6.562602740694143,8.457382425608616,,8.017400540438068,-1.8947796849144725,
2,41,bhyzf0,AliceTheGamedev,1556371096.0,3,Equestrian The Game looks absolutely amazing. Finally someone who gets it.,,GamesWithHorses,2019-04-27 13:18:16,Equestrian The Game looks absolutely amazing. Finally someone who gets it.,"{'Equestrian': 0.09090909090909091, 'The': 0.09090909090909091, 'Game': 0.09090909090909091, 'looks': 0.09090909090909091, 'absolutely': 0.09090909090909091, 'amazing.': 0.09090909090909091, 'Finally': 0.09090909090909091, 'someone': 0.09090909090909091, 'who': 0.09090909090909091, 'gets': 0.09090909090909091, 'it.': 0.09090909090909091}",3.4594316186372978,8.977817609637613,9.810670461824374,,9.63571828599039,-0.8328528521867611,
3,40,bimy2l,AliceTheGamedev,1556525072.0,7,Sliding Stop in Red Dead 2 and in real life,,GamesWithHorses,2019-04-29 08:04:32,Sliding Stop in Red Dead 2 and in real life,"{'Sliding': 0.1, 'Stop': 0.1, 'in': 0.2, 'Red': 0.1, 'Dead': 0.1, '2': 0.1, 'and': 0.1, 'real': 0.1, 'life': 0.1}",3.121928094887363,10.143526728589421,10.127922225687792,,9.5716208581934,0.015604502901629402,
4,39,binhwc,AliceTheGamedev,1556530242.0,3,Alway great when you come across a new game with horses but then they walk like this ü§¶‚Äç‚ôÄÔ∏è [Animalica],,GamesWithHorses,2019-04-29 09:30:42,Alway great when you come across a new game with horses but then they walk like this ü§¶‚Äç‚ôÄÔ∏è [Animalica],"{'Alway': 0.05263157894736842, 'great': 0.05263157894736842, 'when': 0.05263157894736842, 'you': 0.05263157894736842, 'come': 0.05263157894736842, 'across': 0.05263157894736842, 'a': 0.05263157894736842, 'new': 0.05263157894736842, 'game': 0.05263157894736842, 'with': 0.05263157894736842, 'horses': 0.05263157894736842, 'but': 0.05263157894736842, 'then': 0.05263157894736842, 'they': 0.05263157894736842, 'walk': 0.05263157894736842, 'like': 0.05263157894736842, 'this': 0.05263157894736842, 'ü§¶\u200d‚ôÄÔ∏è': 0.05263157894736842, '[Animalica]': 0.05263157894736842}",4.247927513443585,9.024036002668936,7.605259075228301,,8.244572817851923,1.4187769274406348,
5,38,bjrek7,AliceTheGamedev,1556775797.0,6,"‚ÄúHorses are already magical, they don‚Äôt need fairy dust!‚Äù ‚Äî Interview with the team of Equestrian: a Horse Game for Adults",,GamesWithHorses,2019-05-02 05:43:17,"‚ÄúHorses are already magical, they don‚Äôt need fairy dust!‚Äù ‚Äî Interview with the team of Equestrian: a Horse Game for Adults","{'‚ÄúHorses': 0.047619047619047616, 'are': 0.047619047619047616, 'already': 0.047619047619047616, 'magical,': 0.047619047619047616, 'they': 0.047619047619047616, 'don‚Äôt': 0.047619047619047616, 'need': 0.047619047619047616, 'fairy': 0.047619047619047616, 'dust!‚Äù': 0.047619047619047616, '‚Äî': 0.047619047619047616, 'Interview': 0.047619047619047616, 'with': 0.047619047619047616, 'the': 0.047619047619047616, 'team': 0.047619047619047616, 'of': 0.047619047619047616, 'Equestrian:': 0.047619047619047616, 'a': 0.047619047619047616, 'Horse': 0.047619047619047616, 'Game': 0.047619047619047616, 'for': 0.047619047619047616, 'Adults': 0.047619047619047616}",4.392317422778759,7.577697656922923,7.982057436891576,7.967623634514754,8.159627130482708,-0.4043597799686536,-0.19200349596795352
6,37,bkntiu,AliceTheGamedev,1556992594.0,3,Learning how to ride in an instant thanks to the powers of observation and magic,,GamesWithHorses,2019-05-04 17:56:34,Learning how to ride in an instant thanks to the powers of observation and magic,"{'Learning': 0.06666666666666667, 'how': 0.06666666666666667, 'to': 0.13333333333333333, 'ride': 0.06666666666666667, 'in': 0.06666666666666667, 'an': 0.06666666666666667, 'instant': 0.06666666666666667, 'thanks': 0.06666666666666667, 'the': 0.06666666666666667, 'powers': 0.06666666666666667, 'of': 0.06666666666666667, 'observation': 0.06666666666666667, 'and': 0.06666666666666667, 'magic': 0.06666666666666667}",3.773557262275186,8.294431546532214,8.278731796866328,8.612923400339692,8.75676810872756,0.015699749665886387,-0.14384470838786712
7,36,bm26oy,AliceTheGamedev,1557299584.0,4,Saint Hazel's Horsepital is a goofy stealth game where you play as a horse trying to save your friend,,GamesWithHorses,2019-05-08 07:13:04,Saint Hazel's Horsepital is a goofy stealth game where you play as a horse trying to save your friend,"{'Saint': 0.05263157894736842, ""Hazel's"": 0.05263157894736842, 'Horsepital': 0.05263157894736842, 'is': 0.05263157894736842, 'a': 0.10526315789473684, 'goofy': 0.05263157894736842, 'stealth': 0.05263157894736842, 'game': 0.05263157894736842, 'where': 0.05263157894736842, 'you': 0.05263157894736842, 'play': 0.05263157894736842, 'as': 0.05263157894736842, 'horse': 0.05263157894736842, 'trying': 0.05263157894736842, 'to': 0.05263157894736842, 'save': 0.05263157894736842, 'your': 0.05263157894736842, 'friend': 0.05263157894736842}",4.142664355548849,8.575922178370835,9.127108825967051,8.444018479858812,8.6210525629816,-0.5511866475962162,-0.17703408312278768
8,35,bmw8q6,AliceTheGamedev,1557481057.0,6,"From an asset pack for ""low poly animated animals"" ü§¶‚Äç‚ôÄÔ∏èü§¶‚Äç‚ôÄÔ∏èü§¶‚Äç‚ôÄÔ∏è",,GamesWithHorses,2019-05-10 09:37:37,"From an asset pack for ""low poly animated animals"" ü§¶‚Äç‚ôÄÔ∏èü§¶‚Äç‚ôÄÔ∏èü§¶‚Äç‚ôÄÔ∏è","{'From': 0.1, 'an': 0.1, 'asset': 0.1, 'pack': 0.1, 'for': 0.1, '""low': 0.1, 'poly': 0.1, 'animated': 0.1, 'animals""': 0.1, 'ü§¶\u200d‚ôÄÔ∏èü§¶\u200d‚ôÄÔ∏èü§¶\u200d‚ôÄÔ∏è': 0.1}",3.321928094887362,9.930383364735464,8.098775599671256,9.569729918924141,9.56382027135238,1.8316077650642075,0.005909647571760601
9,34,bnrcx7,AliceTheGamedev,1557681165.0,8,"The Most Popular Unity Asset for Horse Animation has a Fatal Flaw, but it‚Äôs Getting an Update",,GamesWithHorses,2019-05-12 17:12:45,"The Most Popular Unity Asset for Horse Animation has a Fatal Flaw, but it‚Äôs Getting an Update","{'The': 0.058823529411764705, 'Most': 0.058823529411764705, 'Popular': 0.058823529411764705, 'Unity': 0.058823529411764705, 'Asset': 0.058823529411764705, 'for': 0.058823529411764705, 'Horse': 0.058823529411764705, 'Animation': 0.058823529411764705, 'has': 0.058823529411764705, 'a': 0.058823529411764705, 'Fatal': 0.058823529411764705, 'Flaw,': 0.058823529411764705, 'but': 0.058823529411764705, 'it‚Äôs': 0.058823529411764705, 'Getting': 0.058823529411764705, 'an': 0.058823529411764705, 'Update': 0.058823529411764705}",4.08746284125034,8.014429690674074,9.15320807947814,8.18537583058895,8.498155594850662,-1.1387783888040666,-0.3127797642617125
10,33,bq13zt,Unkn0wnHero,1558162017.0,3,2d vs 3d horse game?,"Which one would you prefer? Are 2d horse games on the way out? Would you only play 3d horse games? 

Does anyone still play 2d  horse games that aren't horse sims?",GamesWithHorses,2019-05-18 06:46:57,"Which one would you prefer? Are 2d horse games on the way out? Would you only play 3d horse games? 

Does anyone still play 2d  horse games that aren't horse sims?2d vs 3d horse game?","{'Which': 0.02857142857142857, 'one': 0.02857142857142857, 'would': 0.02857142857142857, 'you': 0.05714285714285714, 'prefer?': 0.02857142857142857, 'Are': 0.02857142857142857, '2d': 0.05714285714285714, 'horse': 0.14285714285714285, 'games': 0.05714285714285714, 'on': 0.02857142857142857, 'the': 0.02857142857142857, 'way': 0.02857142857142857, 'out?': 0.02857142857142857, 'Would': 0.02857142857142857, 'only': 0.02857142857142857, 'play': 0.05714285714285714, '3d': 0.05714285714285714, 'games?': 0.02857142857142857, 'Does': 0.02857142857142857, 'anyone': 0.02857142857142857, 'still': 0.02857142857142857, 'that': 0.02857142857142857, ""aren't"": 0.02857142857142857, 'sims?2d': 0.02857142857142857, 'vs': 0.02857142857142857, 'game?': 0.02857142857142857}",4.511864717675343,8.746635799386112,8.486565746158826,8.181824466579405,8.386855413707158,0.2600700532272864,-0.20503094712775294
11,32,bsi1oq,AliceTheGamedev,1558710499.0,3,The Hard Times (Satire): Leaked Footage Shows Todd Howard Putting MoCap on Horse and Pushing It Off Mountain,,GamesWithHorses,2019-05-24 15:08:19,The Hard Times (Satire): Leaked Footage Shows Todd Howard Putting MoCap on Horse and Pushing It Off Mountain,"{'The': 0.05555555555555555, 'Hard': 0.05555555555555555, 'Times': 0.05555555555555555, '(Satire):': 0.05555555555555555, 'Leaked': 0.05555555555555555, 'Footage': 0.05555555555555555, 'Shows': 0.05555555555555555, 'Todd': 0.05555555555555555, 'Howard': 0.05555555555555555, 'Putting': 0.05555555555555555, 'MoCap': 0.05555555555555555, 'on': 0.05555555555555555, 'Horse': 0.05555555555555555, 'and': 0.05555555555555555, 'Pushing': 0.05555555555555555, 'It': 0.05555555555555555, 'Off': 0.05555555555555555, 'Mountain': 0.05555555555555555}",4.169925001442313,8.620706652769977,8.010710623754765,8.689837596290833,8.140956825689097,0.6099960290152122,0.5488807706017358
12,31,bt79og,AliceTheGamedev,1558873065.0,4,"Review: Ostwind/Windstorm ‚Äî Gorgeous Landscapes, Strange Horse Animation and Shallow Gameplay",,GamesWithHorses,2019-05-26 12:17:45,"Review: Ostwind/Windstorm ‚Äî Gorgeous Landscapes, Strange Horse Animation and Shallow Gameplay","{'Review:': 0.09090909090909091, 'Ostwind/Windstorm': 0.09090909090909091, '‚Äî': 0.09090909090909091, 'Gorgeous': 0.09090909090909091, 'Landscapes,': 0.09090909090909091, 'Strange': 0.09090909090909091, 'Horse': 0.09090909090909091, 'Animation': 0.09090909090909091, 'and': 0.09090909090909091, 'Shallow': 0.09090909090909091, 'Gameplay': 0.09090909090909091}",3.4594316186372978,8.141875537366406,8.141875537366406,9.130238457705468,8.929428600839278,0.0,0.20080985686619002
13,30,bv64tj,AliceTheGamedev,1559300564.0,6,‚ÄúI joined Tivola because I wanted to make horse games‚Äù ‚Äî Studio Visit and Interview with Inga Panten,,GamesWithHorses,2019-05-31 11:02:44,‚ÄúI joined Tivola because I wanted to make horse games‚Äù ‚Äî Studio Visit and Interview with Inga Panten,"{'‚ÄúI': 0.05555555555555555, 'joined': 0.05555555555555555, 'Tivola': 0.05555555555555555, 'because': 0.05555555555555555, 'I': 0.05555555555555555, 'wanted': 0.05555555555555555, 'to': 0.05555555555555555, 'make': 0.05555555555555555, 'horse': 0.05555555555555555, 'games‚Äù': 0.05555555555555555, '‚Äî': 0.05555555555555555, 'Studio': 0.05555555555555555, 'Visit': 0.05555555555555555, 'and': 0.05555555555555555, 'Interview': 0.05555555555555555, 'with': 0.05555555555555555, 'Inga': 0.05555555555555555, 'Panten': 0.05555555555555555}",4.169925001442313,8.010710623754763,8.559522576200065,8.654169799704082,8.676325969511431,-0.5488119524453019,-0.022156169807349357
14,29,cf8q8t,AliceTheGamedev,1563549086.0,8,The Best Horse Games to Play in 2019 on PC & Consoles,,GamesWithHorses,2019-07-19 15:11:26,The Best Horse Games to Play in 2019 on PC & Consoles,"{'The': 0.08333333333333333, 'Best': 0.08333333333333333, 'Horse': 0.08333333333333333, 'Games': 0.08333333333333333, 'to': 0.08333333333333333, 'Play': 0.08333333333333333, 'in': 0.08333333333333333, '2019': 0.08333333333333333, 'on': 0.08333333333333333, 'PC': 0.08333333333333333, '&': 0.08333333333333333, 'Consoles': 0.08333333333333333}",3.584962500721157,8.911418737217492,8.832633234648114,8.458837438742714,8.579061349296275,0.078785502569378,-0.12022391055356074
15,28,cga6vq,AliceTheGamedev,1563781171.0,6,Recommended: Dash Society Developer Talks About Horse AI,,GamesWithHorses,2019-07-22 07:39:31,Recommended: Dash Society Developer Talks About Horse AI,"{'Recommended:': 0.125, 'Dash': 0.125, 'Society': 0.125, 'Developer': 0.125, 'Talks': 0.125, 'About': 0.125, 'Horse': 0.125, 'AI': 0.125}",3.0,9.053659401152077,10.24951547365024,9.539408597772502,9.532399265667282,-1.195856072498163,0.007009332105219812
16,27,cpu7eh,AliceTheGamedev,1565707934.0,4,‚ÄúIt‚Äôs a dream come true‚Äù ‚Äî Nika Bender talks about her work on Star Stable Online ‚Äî The Mane Quest,,GamesWithHorses,2019-08-13 14:52:14,‚ÄúIt‚Äôs a dream come true‚Äù ‚Äî Nika Bender talks about her work on Star Stable Online ‚Äî The Mane Quest,"{'‚ÄúIt‚Äôs': 0.05, 'a': 0.05, 'dream': 0.05, 'come': 0.05, 'true‚Äù': 0.05, '‚Äî': 0.1, 'Nika': 0.05, 'Bender': 0.05, 'talks': 0.05, 'about': 0.05, 'her': 0.05, 'work': 0.05, 'on': 0.05, 'Star': 0.05, 'Stable': 0.05, 'Online': 0.05, 'The': 0.05, 'Mane': 0.05, 'Quest': 0.05}",4.221928094887361,9.051898688858072,9.049975273097674,8.28964952835669,8.099187113043875,0.0019234157603982283,0.19046241531281538
17,26,csuyw6,AliceTheGamedev,1566289796.0,3,Mount & Blade II: Bannerlord Early Access Announcement Trailer,,GamesWithHorses,2019-08-20 08:29:56,Mount & Blade II: Bannerlord Early Access Announcement Trailer,"{'Mount': 0.1111111111111111, '&': 0.1111111111111111, 'Blade': 0.1111111111111111, 'II:': 0.1111111111111111, 'Bannerlord': 0.1111111111111111, 'Early': 0.1111111111111111, 'Access': 0.1111111111111111, 'Announcement': 0.1111111111111111, 'Trailer': 0.1111111111111111}",3.1699250014423126,10.080056864423987,10.08001634031505,9.875573218747702,10.094088919128874,4.052410893784497e-05,-0.21851570038117174
18,25,cxw7bp,AliceTheGamedev,1567262178.0,5,Horse Isle 3: Infinite Wilds has left its Beta Phase and is Officially Live now! ‚Äî The Mane Quest,,GamesWithHorses,2019-08-31 14:36:18,Horse Isle 3: Infinite Wilds has left its Beta Phase and is Officially Live now! ‚Äî The Mane Quest,"{'Horse': 0.05263157894736842, 'Isle': 0.05263157894736842, '3:': 0.05263157894736842, 'Infinite': 0.05263157894736842, 'Wilds': 0.05263157894736842, 'has': 0.05263157894736842, 'left': 0.05263157894736842, 'its': 0.05263157894736842, 'Beta': 0.05263157894736842, 'Phase': 0.05263157894736842, 'and': 0.05263157894736842, 'is': 0.05263157894736842, 'Officially': 0.05263157894736842, 'Live': 0.05263157894736842, 'now!': 0.05263157894736842, '‚Äî': 0.05263157894736842, 'The': 0.05263157894736842, 'Mane': 0.05263157894736842, 'Quest': 0.05263157894736842}",4.247927513443585,9.023999232977559,8.510089230452751,8.128152866246738,7.769637776191506,0.513910002524808,0.3585150900552323
19,24,cz2ce0,AliceTheGamedev,1567501691.0,3,Gamedev Resource: Pixel Art Horse Sprite With Rider Asset Pack by Onfe,,GamesWithHorses,2019-09-03 09:08:11,Gamedev Resource: Pixel Art Horse Sprite With Rider Asset Pack by Onfe,"{'Gamedev': 0.08333333333333333, 'Resource:': 0.08333333333333333, 'Pixel': 0.08333333333333333, 'Art': 0.08333333333333333, 'Horse': 0.08333333333333333, 'Sprite': 0.08333333333333333, 'With': 0.08333333333333333, 'Rider': 0.08333333333333333, 'Asset': 0.08333333333333333, 'Pack': 0.08333333333333333, 'by': 0.08333333333333333, 'Onfe': 0.08333333333333333}",3.584962500721157,8.916103634500118,7.947530859088413,9.194817738036136,9.170261856466634,0.9685727754117046,0.02455588156950128
20,23,d1ojsq,AliceTheGamedev,1568021209.0,7,Horse rig and animation by Ziva Dynamics,,GamesWithHorses,2019-09-09 09:26:49,Horse rig and animation by Ziva Dynamics,"{'Horse': 0.14285714285714285, 'rig': 0.14285714285714285, 'and': 0.14285714285714285, 'animation': 0.14285714285714285, 'by': 0.14285714285714285, 'Ziva': 0.14285714285714285, 'Dynamics': 0.14285714285714285}",2.807354922057605,7.690028899882154,9.039136685992686,9.091471185890006,9.599999795165413,-1.3491077861105314,-0.5085286092754071
21,22,d5cyai,AliceTheGamedev,1568700994.0,3,Horses in Games: Companions and Collectibles ‚Äî The Mane Quest,,GamesWithHorses,2019-09-17 06:16:34,Horses in Games: Companions and Collectibles ‚Äî The Mane Quest,"{'Horses': 0.1, 'in': 0.1, 'Games:': 0.1, 'Companions': 0.1, 'and': 0.1, 'Collectibles': 0.1, '‚Äî': 0.1, 'The': 0.1, 'Mane': 0.1, 'Quest': 0.1}",3.321928094887362,8.906549138598132,9.943890619433585,8.095204728650458,9.362679453385264,-1.0373414808354529,-1.2674747247348055
22,21,d5f182,horseaholic2010,1568716190.0,4,Horse Isle 3 || Catching Wilds AND A Challenge For You!,,GamesWithHorses,2019-09-17 10:29:50,Horse Isle 3 || Catching Wilds AND A Challenge For You!,"{'Horse': 0.09090909090909091, 'Isle': 0.09090909090909091, '3': 0.09090909090909091, '||': 0.09090909090909091, 'Catching': 0.09090909090909091, 'Wilds': 0.09090909090909091, 'AND': 0.09090909090909091, 'A': 0.09090909090909091, 'Challenge': 0.09090909090909091, 'For': 0.09090909090909091, 'You!': 0.09090909090909091}",3.4594316186372978,9.80865058833745,7.160337580252484,8.948976449500542,9.089777061385831,2.6483130080849664,-0.14080061188528958
23,20,d6a10j,horseaholic2010,1568874121.0,6,Star Stable Online UPDATE || September Week 2 & 3 || Jorvik Wilds Are Back!!!,,GamesWithHorses,2019-09-19 06:22:01,Star Stable Online UPDATE || September Week 2 & 3 || Jorvik Wilds Are Back!!!,"{'Star': 0.06666666666666667, 'Stable': 0.06666666666666667, 'Online': 0.06666666666666667, 'UPDATE': 0.06666666666666667, '||': 0.13333333333333333, 'September': 0.06666666666666667, 'Week': 0.06666666666666667, '2': 0.06666666666666667, '&': 0.06666666666666667, '3': 0.06666666666666667, 'Jorvik': 0.06666666666666667, 'Wilds': 0.06666666666666667, 'Are': 0.06666666666666667, 'Back!!!': 0.06666666666666667}",3.773557262275186,6.880346089872908,8.151734931680338,8.84934672544763,9.227499176802825,-1.27138884180743,-0.37815245135519504
24,19,d80l3m,Shandragontear,1569206926.0,5,Let's Play Star Stable!,"Check out the latest Star Stable online let's play!

[https://youtu.be/09dI9Ncuxe4](https://youtu.be/09dI9Ncuxe4)",GamesWithHorses,2019-09-23 02:48:46,"Check out the latest Star Stable online let's play!

[https://youtu.be/09dI9Ncuxe4](https://youtu.be/09dI9Ncuxe4)Let's Play Star Stable!","{'Check': 0.07692307692307693, 'out': 0.07692307692307693, 'the': 0.07692307692307693, 'latest': 0.07692307692307693, 'Star': 0.15384615384615385, 'Stable': 0.07692307692307693, 'online': 0.07692307692307693, ""let's"": 0.07692307692307693, 'play!': 0.07692307692307693, ""[https://youtu.be/09dI9Ncuxe4](https://youtu.be/09dI9Ncuxe4)Let's"": 0.07692307692307693, 'Play': 0.07692307692307693, 'Stable!': 0.07692307692307693}",3.5465935642949393,7.555601512404273,9.725685060026583,9.288518010199176,9.573551301195574,-2.17008354762231,-0.28503329099639707
25,18,d83zgj,AliceTheGamedev,1569229752.0,6,Insight into Horse Motion Capture (for Netflix series),,GamesWithHorses,2019-09-23 09:09:12,Insight into Horse Motion Capture (for Netflix series),"{'Insight': 0.125, 'into': 0.125, 'Horse': 0.125, 'Motion': 0.125, 'Capture': 0.125, '(for': 0.125, 'Netflix': 0.125, 'series)': 0.125}",3.0,10.26321460150961,10.263176075080422,9.75913523058541,9.747975545448812,3.852642918822369e-05,0.011159685136599151
26,17,d90dso,AliceTheGamedev,1569400011.0,7,Horses in the new trailer for The Last of Us Part II,,GamesWithHorses,2019-09-25 08:26:51,Horses in the new trailer for The Last of Us Part II,"{'Horses': 0.08333333333333333, 'in': 0.08333333333333333, 'the': 0.08333333333333333, 'new': 0.08333333333333333, 'trailer': 0.08333333333333333, 'for': 0.08333333333333333, 'The': 0.08333333333333333, 'Last': 0.08333333333333333, 'of': 0.08333333333333333, 'Us': 0.08333333333333333, 'Part': 0.08333333333333333, 'II': 0.08333333333333333}",3.584962500721157,9.687346794213013,8.063066438313303,9.025486355756367,8.442288529521338,1.6242803558997103,0.583197826235029
27,16,dawm3m,AliceTheGamedev,1569770956.0,6,Six Ages: Ride Like The Wind ‚Äî Mobile Mythology-driven Strategy with Pretty Horses ‚Äî The Mane Quest,,GamesWithHorses,2019-09-29 15:29:16,Six Ages: Ride Like The Wind ‚Äî Mobile Mythology-driven Strategy with Pretty Horses ‚Äî The Mane Quest,"{'Six': 0.058823529411764705, 'Ages:': 0.058823529411764705, 'Ride': 0.058823529411764705, 'Like': 0.058823529411764705, 'The': 0.11764705882352941, 'Wind': 0.058823529411764705, '‚Äî': 0.11764705882352941, 'Mobile': 0.058823529411764705, 'Mythology-driven': 0.058823529411764705, 'Strategy': 0.058823529411764705, 'with': 0.058823529411764705, 'Pretty': 0.058823529411764705, 'Horses': 0.058823529411764705, 'Mane': 0.058823529411764705, 'Quest': 0.058823529411764705}",3.85216872360328,7.706317353765619,9.430933747308245,9.072882912047007,7.842045936849431,-1.7246163935426262,1.230836975197576
28,15,dbrsmk,AliceTheGamedev,1569928158.0,13,Horse texture mishap,,GamesWithHorses,2019-10-01 11:09:18,Horse texture mishap,"{'Horse': 0.3333333333333333, 'texture': 0.3333333333333333, 'mishap': 0.3333333333333333}",1.584962500721156,11.669512963013354,11.677938420295286,10.990508202229282,11.033948726927045,-0.008425457281932225,-0.04344052469776294
29,14,dfvtjv,AliceTheGamedev,1570701974.0,5,Pok√©mon Shield Announces New Regional Ponyta Variant ‚Äî The Mane Quest,,GamesWithHorses,2019-10-10 10:06:14,Pok√©mon Shield Announces New Regional Ponyta Variant ‚Äî The Mane Quest,"{'Pok√©mon': 0.09090909090909091, 'Shield': 0.09090909090909091, 'Announces': 0.09090909090909091, 'New': 0.09090909090909091, 'Regional': 0.09090909090909091, 'Ponyta': 0.09090909090909091, 'Variant': 0.09090909090909091, '‚Äî': 0.09090909090909091, 'The': 0.09090909090909091, 'Mane': 0.09090909090909091, 'Quest': 0.09090909090909091}",3.4594316186372978,9.822976737681879,6.452803975940283,8.929852268559767,8.313809386701294,3.370172761741596,0.6160428818584727
30,13,dgf0m3,AliceTheGamedev,1570799730.0,4,The Unicorn Princess: An Open World Fantasy Horse Game Coming to PC and Consoles This November ‚Äî The Mane Quest,,GamesWithHorses,2019-10-11 13:15:30,The Unicorn Princess: An Open World Fantasy Horse Game Coming to PC and Consoles This November ‚Äî The Mane Quest,"{'The': 0.1, 'Unicorn': 0.05, 'Princess:': 0.05, 'An': 0.05, 'Open': 0.05, 'World': 0.05, 'Fantasy': 0.05, 'Horse': 0.05, 'Game': 0.05, 'Coming': 0.05, 'to': 0.05, 'PC': 0.05, 'and': 0.05, 'Consoles': 0.05, 'This': 0.05, 'November': 0.05, '‚Äî': 0.05, 'Mane': 0.05, 'Quest': 0.05}",4.221928094887361,6.59836913444626,7.497026863548762,7.658594496112592,7.878813954895321,-0.898657729102502,-0.2202194587827293
31,12,dgsz1h,FeastYourEarTongues,1570873079.0,6,Horse average speed and movement question,"Hello all! The wonderful folks of r/horses said I should check this place out. 

&#x200B;

I'm designing a game set in the Old West, and would like some advice on horse travel speed. Looking online, I can only really find things like ""top speeds of horses"" and such. I don't really want to know that - I want to know what is a REALISTIC distance you could ride a horse without it keeling over and dying or seriously injuring itself.

&#x200B;

As of right now, my game states that you can ride a horse at most 36 miles in a single day without it becoming exhausted. If you push your horse to the point it gets really tired, it can travel 8 miles in a single hour.

&#x200B;

I know the top speed of a horse is WAY faster than than, but to my understanding a horse cannot really travel ""top speed"" for very long without hurting itself or becoming extremely tired. Additionally, modern races and relays also come with modern care and medicine. I want to know; are my estimations reasonable or way off? Is it foolish to think a horse could travel 36 miles in a day and be fine, or is it a crazy under-estimation to assume one could only manage 8 miles in an hour?",GamesWithHorses,2019-10-12 09:37:59,"Hello all! The wonderful folks of r/horses said I should check this place out. 

&#x200B;

I'm designing a game set in the Old West, and would like some advice on horse travel speed. Looking online, I can only really find things like ""top speeds of horses"" and such. I don't really want to know that - I want to know what is a REALISTIC distance you could ride a horse without it keeling over and dying or seriously injuring itself.

&#x200B;

As of right now, my game states that you can ride a horse at most 36 miles in a single day without it becoming exhausted. If you push your horse to the point it gets really tired, it can travel 8 miles in a single hour.

&#x200B;

I know the top speed of a horse is WAY faster than than, but to my understanding a horse cannot really travel ""top speed"" for very long without hurting itself or becoming extremely tired. Additionally, modern races and relays also come with modern care and medicine. I want to know; are my estimations reasonable or way off? Is it foolish to think a horse could travel 36 miles in a day and be fine, or is it a crazy under-estimation to assume one could only manage 8 miles in an hour?Horse average speed and movement question","{'Hello': 0.004464285714285714, 'all!': 0.004464285714285714, 'The': 0.004464285714285714, 'wonderful': 0.004464285714285714, 'folks': 0.004464285714285714, 'of': 0.017857142857142856, 'r/horses': 0.004464285714285714, 'said': 0.004464285714285714, 'I': 0.026785714285714284, 'should': 0.004464285714285714, 'check': 0.004464285714285714, 'this': 0.004464285714285714, 'place': 0.004464285714285714, 'out.': 0.004464285714285714, '&#x200B;': 0.013392857142857142, ""I'm"": 0.004464285714285714, 'designing': 0.004464285714285714, 'a': 0.049107142857142856, 'game': 0.008928571428571428, 'set': 0.004464285714285714, 'in': 0.022321428571428572, 'the': 0.013392857142857142, 'Old': 0.004464285714285714, 'West,': 0.004464285714285714, 'and': 0.03125, 'would': 0.004464285714285714, 'like': 0.008928571428571428, 'some': 0.004464285714285714, 'advice': 0.004464285714285714, 'on': 0.004464285714285714, 'horse': 0.03125, 'travel': 0.017857142857142856, 'speed.': 0.004464285714285714, 'Looking': 0.004464285714285714, 'online,': 0.004464285714285714, 'can': 0.013392857142857142, 'only': 0.008928571428571428, 'really': 0.017857142857142856, 'find': 0.004464285714285714, 'things': 0.004464285714285714, '""top': 0.008928571428571428, 'speeds': 0.004464285714285714, 'horses""': 0.004464285714285714, 'such.': 0.004464285714285714, ""don't"": 0.004464285714285714, 'want': 0.013392857142857142, 'to': 0.03125, 'know': 0.013392857142857142, 'that': 0.008928571428571428, '-': 0.004464285714285714, 'what': 0.004464285714285714, 'is': 0.013392857142857142, 'REALISTIC': 0.004464285714285714, 'distance': 0.004464285714285714, 'you': 0.013392857142857142, 'could': 0.013392857142857142, 'ride': 0.008928571428571428, 'without': 0.013392857142857142, 'it': 0.026785714285714284, 'keeling': 0.004464285714285714, 'over': 0.004464285714285714, 'dying': 0.004464285714285714, 'or': 0.017857142857142856, 'seriously': 0.004464285714285714, 'injuring': 0.004464285714285714, 'itself.': 0.004464285714285714, 'As': 0.004464285714285714, 'right': 0.004464285714285714, 'now,': 0.004464285714285714, 'my': 0.013392857142857142, 'states': 0.004464285714285714, 'at': 0.004464285714285714, 'most': 0.004464285714285714, '36': 0.008928571428571428, 'miles': 0.017857142857142856, 'single': 0.008928571428571428, 'day': 0.008928571428571428, 'becoming': 0.008928571428571428, 'exhausted.': 0.004464285714285714, 'If': 0.004464285714285714, 'push': 0.004464285714285714, 'your': 0.004464285714285714, 'point': 0.004464285714285714, 'gets': 0.004464285714285714, 'tired,': 0.004464285714285714, '8': 0.008928571428571428, 'hour.': 0.004464285714285714, 'top': 0.004464285714285714, 'speed': 0.008928571428571428, 'WAY': 0.004464285714285714, 'faster': 0.004464285714285714, 'than': 0.004464285714285714, 'than,': 0.004464285714285714, 'but': 0.004464285714285714, 'understanding': 0.004464285714285714, 'cannot': 0.004464285714285714, 'speed""': 0.004464285714285714, 'for': 0.004464285714285714, 'very': 0.004464285714285714, 'long': 0.004464285714285714, 'hurting': 0.004464285714285714, 'itself': 0.004464285714285714, 'extremely': 0.004464285714285714, 'tired.': 0.004464285714285714, 'Additionally,': 0.004464285714285714, 'modern': 0.008928571428571428, 'races': 0.004464285714285714, 'relays': 0.004464285714285714, 'also': 0.004464285714285714, 'come': 0.004464285714285714, 'with': 0.004464285714285714, 'care': 0.004464285714285714, 'medicine.': 0.004464285714285714, 'know;': 0.004464285714285714, 'are': 0.004464285714285714, 'estimations': 0.004464285714285714, 'reasonable': 0.004464285714285714, 'way': 0.004464285714285714, 'off?': 0.004464285714285714, 'Is': 0.004464285714285714, 'foolish': 0.004464285714285714, 'think': 0.004464285714285714, 'be': 0.004464285714285714, 'fine,': 0.004464285714285714, 'crazy': 0.004464285714285714, 'under-estimation': 0.004464285714285714, 'assume': 0.004464285714285714, 'one': 0.004464285714285714, 'manage': 0.004464285714285714, 'an': 0.004464285714285714, 'hour?Horse': 0.004464285714285714, 'average': 0.004464285714285714, 'movement': 0.004464285714285714, 'question': 0.004464285714285714}",6.677059088696242,5.9983555109596525,6.62212357852009,6.344321063211097,6.537828004868773,-0.6237680675604373,-0.19350694165767646
32,11,di3zrb,horseaholic2010,1571122388.0,3,Buying Final Jorvik Wilds!!,,GamesWithHorses,2019-10-15 06:53:08,Buying Final Jorvik Wilds!!,"{'Buying': 0.25, 'Final': 0.25, 'Jorvik': 0.25, 'Wilds!!': 0.25}",2.0,11.041619224484586,11.253154660871528,11.217673116789882,11.261939826212059,-0.21153543638694217,-0.044266709422176476
33,10,dj6aod,AliceTheGamedev,1571318383.0,7,Wild Horse's Valley: The Herd Management Browser Game Leaves Beta and goes Live ‚Äî The Mane Quest,,GamesWithHorses,2019-10-17 13:19:43,Wild Horse's Valley: The Herd Management Browser Game Leaves Beta and goes Live ‚Äî The Mane Quest,"{'Wild': 0.058823529411764705, ""Horse's"": 0.058823529411764705, 'Valley:': 0.058823529411764705, 'The': 0.11764705882352941, 'Herd': 0.058823529411764705, 'Management': 0.058823529411764705, 'Browser': 0.058823529411764705, 'Game': 0.058823529411764705, 'Leaves': 0.058823529411764705, 'Beta': 0.058823529411764705, 'and': 0.058823529411764705, 'goes': 0.058823529411764705, 'Live': 0.058823529411764705, '‚Äî': 0.058823529411764705, 'Mane': 0.058823529411764705, 'Quest': 0.058823529411764705}",3.96981578242681,9.311387153862826,7.549629067615857,7.7031771091072345,7.775091559855253,1.761758086246969,-0.07191445074801806
34,9,djjmd9,horseaholic2010,1571381106.0,6,Wild Horse's Valley || NEW Horse Game || Episode 1,,GamesWithHorses,2019-10-18 06:45:06,Wild Horse's Valley || NEW Horse Game || Episode 1,"{'Wild': 0.1, ""Horse's"": 0.1, 'Valley': 0.1, '||': 0.2, 'NEW': 0.1, 'Horse': 0.1, 'Game': 0.1, 'Episode': 0.1, '1': 0.1}",3.121928094887363,7.383040905900281,7.983952845522308,9.192280648108323,8.715671550380131,-0.6009119396220264,0.4766090977281916
35,8,dmbf6t,horseaholic2010,1571892016.0,3,Star Stable Online UPDATE || October Week 4 || Happy Halloween!,,GamesWithHorses,2019-10-24 04:40:16,Star Stable Online UPDATE || October Week 4 || Happy Halloween!,"{'Star': 0.09090909090909091, 'Stable': 0.09090909090909091, 'Online': 0.09090909090909091, 'UPDATE': 0.09090909090909091, '||': 0.18181818181818182, 'October': 0.09090909090909091, 'Week': 0.09090909090909091, '4': 0.09090909090909091, 'Happy': 0.09090909090909091, 'Halloween!': 0.09090909090909091}",3.277613436819116,8.002089944795978,9.994229444746992,9.547493311701047,9.611314136210822,-1.9921394999510138,-0.06382082450977578
36,7,dmcee2,AliceTheGamedev,1571898404.0,4,The Mane Quest Celebrates its First Birthday! ‚Äî The Mane Quest,,GamesWithHorses,2019-10-24 06:26:44,The Mane Quest Celebrates its First Birthday! ‚Äî The Mane Quest,"{'The': 0.18181818181818182, 'Mane': 0.18181818181818182, 'Quest': 0.18181818181818182, 'Celebrates': 0.09090909090909091, 'its': 0.09090909090909091, 'First': 0.09090909090909091, 'Birthday!': 0.09090909090909091, '‚Äî': 0.09090909090909091}",2.9139770731827523,10.353165292476215,4.410634285836186,8.910469645012103,5.634833962255838,5.942531006640029,3.275635682756265
37,6,dmhwxj,AliceTheGamedev,1571930468.0,3,Review: Bibi & Tina at the horse farm ‚Äî An Exercise in Mediocrity ‚Äî The Mane Quest,,GamesWithHorses,2019-10-24 15:21:08,Review: Bibi & Tina at the horse farm ‚Äî An Exercise in Mediocrity ‚Äî The Mane Quest,"{'Review:': 0.058823529411764705, 'Bibi': 0.058823529411764705, '&': 0.058823529411764705, 'Tina': 0.058823529411764705, 'at': 0.058823529411764705, 'the': 0.058823529411764705, 'horse': 0.058823529411764705, 'farm': 0.058823529411764705, '‚Äî': 0.11764705882352941, 'An': 0.058823529411764705, 'Exercise': 0.058823529411764705, 'in': 0.058823529411764705, 'Mediocrity': 0.058823529411764705, 'The': 0.058823529411764705, 'Mane': 0.058823529411764705, 'Quest': 0.058823529411764705}",3.96981578242681,6.24547938759572,9.305379274968349,8.138420445146973,6.979535706567127,-3.0598998873726284,1.1588847385798466
38,5,do51fk,horseaholic2010,1572243914.0,4,Horse Isle 3 Quests || Hannah's Missing Horse,,GamesWithHorses,2019-10-28 06:25:14,Horse Isle 3 Quests || Hannah's Missing Horse,"{'Horse': 0.25, 'Isle': 0.125, '3': 0.125, 'Quests': 0.125, '||': 0.125, ""Hannah's"": 0.125, 'Missing': 0.125}",2.75,10.504785314540298,8.261657447720236,9.472164483342551,8.784290469051994,2.2431278668200623,0.6878740142905571
39,4,e0h86s,AliceTheGamedev,1574511915.0,2,New Facebook Group: Join the Horses & Video Games Communities to meet fellow Horse Game Lovers ‚Äî The Mane Quest,,GamesWithHorses,2019-11-23 12:25:15,New Facebook Group: Join the Horses & Video Games Communities to meet fellow Horse Game Lovers ‚Äî The Mane Quest,"{'New': 0.05, 'Facebook': 0.05, 'Group:': 0.05, 'Join': 0.05, 'the': 0.05, 'Horses': 0.05, '&': 0.05, 'Video': 0.05, 'Games': 0.05, 'Communities': 0.05, 'to': 0.05, 'meet': 0.05, 'fellow': 0.05, 'Horse': 0.05, 'Game': 0.05, 'Lovers': 0.05, '‚Äî': 0.05, 'The': 0.05, 'Mane': 0.05, 'Quest': 0.05}",4.321928094887362,8.392065085466697,6.557060186547112,7.656938809099126,,1.8350048989195855,
40,3,e0h8bm,AliceTheGamedev,1574511944.0,4,Horse Isle 3: Player base divided over development priorities ‚Äî The Mane Quest,,GamesWithHorses,2019-11-23 12:25:44,Horse Isle 3: Player base divided over development priorities ‚Äî The Mane Quest,"{'Horse': 0.07692307692307693, 'Isle': 0.07692307692307693, '3:': 0.07692307692307693, 'Player': 0.07692307692307693, 'base': 0.07692307692307693, 'divided': 0.07692307692307693, 'over': 0.07692307692307693, 'development': 0.07692307692307693, 'priorities': 0.07692307692307693, '‚Äî': 0.07692307692307693, 'The': 0.07692307692307693, 'Mane': 0.07692307692307693, 'Quest': 0.07692307692307693}",3.700439718141093,6.115262280912065,6.029861819723963,7.317914437710977,,0.08540046118810185,
41,2,e0h8cx,AliceTheGamedev,1574511953.0,4,Horse Care Mechanics: Why They‚Äôre Often Horrible and How To Get Them Right ‚Äî The Mane Quest,,GamesWithHorses,2019-11-23 12:25:53,Horse Care Mechanics: Why They‚Äôre Often Horrible and How To Get Them Right ‚Äî The Mane Quest,"{'Horse': 0.058823529411764705, 'Care': 0.058823529411764705, 'Mechanics:': 0.058823529411764705, 'Why': 0.058823529411764705, 'They‚Äôre': 0.058823529411764705, 'Often': 0.058823529411764705, 'Horrible': 0.058823529411764705, 'and': 0.058823529411764705, 'How': 0.058823529411764705, 'To': 0.058823529411764705, 'Get': 0.058823529411764705, 'Them': 0.058823529411764705, 'Right': 0.058823529411764705, '‚Äî': 0.058823529411764705, 'The': 0.058823529411764705, 'Mane': 0.058823529411764705, 'Quest': 0.058823529411764705}",4.08746284125034,6.368275985220726,7.877815237971886,7.019520427492383,,-1.5095392527511597,
42,1,e1ewz6,boersc,1574682161.0,3,The Unicorn Princess - Review,"The Unicorn Princess by Big Ben and Toplitz productions was released on November 14th 2019 on  PC (Steam), Xbox One, PlayStation 4 and Nintendo Switch.

Here's the trailer of the game:

[https://www.youtube.com/watch?v=tDY1rCD4uBc](https://www.youtube.com/watch?v=tDY1rCD4uBc)

This game sees you as Leila, a young girl, who loves riding her horse. One day, she gets called by a strange voice, which turns out to belong to a unicorn from the Dream World. Leila has to help the Unicorn to save the Dream World by helping out the Guardian. She can help by performing good deeds in the real world, and then perform a specific task in the Dream World. 

The good deeds vary between fetch quest, cleaning garbage piles (by riding your horse over them), or delivering goods. the DreamWorld tasks range from running obstacle courses, where you have to collect rings, to finding a specific object (shield, helmet  or sword). There is no time-pressure on any of these tasks, so anyone can complete them at their own pace. It is difficult to actually fail a task, but if you do that, you can easily re-try the task as many times as you want/need.

The game takes place in a wide open world, that looks pretty decent, with quite some variety. If you don't want to progress the story, you can simply ride your horse all over the area, which is decently large, providing room enough to explore, while being small enough to not get lost. There are rivers, ponds, hills and open areas, and almost everything is accessible. You can wade through rivers, and will be slowed down, but you will not get blocked.

Quite a few games have very difficult controls, but the controls in The Unicorn Princess are very easy to use, also for younger kids. Some games use tank-controls, which is very annoying for kids), but controls here are very intuitive. The left stick lets you maneuver the horse, while the <L1/R1> buttons (on PS4) control speed.

Pacing is good. There are some 15 chapters, and each one can be completed in about 10-15 minutes maximum. There is only one chapter which is kind of boring, in which you are expected to bring a cart of soda to a remote location and back. The cart rides at a snail-pace, AND you have to go all the way back with it too.

I encountered a few small technical issues, where Leila would get placed almost next to her horse, but this only occurred when I tried to climb a mountain that was clearly too steep (on the edge of the map, so it was not meant to be scaled).

When you are done with the story, you can collect miniature unicorn figurines which are scattered around the map, purchase clothings and different horses, which you can of course ride and groom. 

Grooming the horse is often a bit of a pain, but here it is pretty short and easy to do. Grooming your horse regularly ensures his performance, speed and ability to jump, so from time to time, grooming is a necessity.

All in all, The Unicorn Princess is a very decent horse-game, which should appeal to kids of the target age (6-10). It is accessible and easy to control, making it one of the better horse-games out there.

&#x200B;

If you want to see some gameplay of The Unicorn Princess, I have included my (part of the) playthrough:

[https://www.youtube.com/watch?v=RThLX82gXkY](https://www.youtube.com/watch?v=RThLX82gXkY)",GamesWithHorses,2019-11-25 11:42:41,"The Unicorn Princess by Big Ben and Toplitz productions was released on November 14th 2019 on  PC (Steam), Xbox One, PlayStation 4 and Nintendo Switch.

Here's the trailer of the game:

[https://www.youtube.com/watch?v=tDY1rCD4uBc](https://www.youtube.com/watch?v=tDY1rCD4uBc)

This game sees you as Leila, a young girl, who loves riding her horse. One day, she gets called by a strange voice, which turns out to belong to a unicorn from the Dream World. Leila has to help the Unicorn to save the Dream World by helping out the Guardian. She can help by performing good deeds in the real world, and then perform a specific task in the Dream World. 

The good deeds vary between fetch quest, cleaning garbage piles (by riding your horse over them), or delivering goods. the DreamWorld tasks range from running obstacle courses, where you have to collect rings, to finding a specific object (shield, helmet  or sword). There is no time-pressure on any of these tasks, so anyone can complete them at their own pace. It is difficult to actually fail a task, but if you do that, you can easily re-try the task as many times as you want/need.

The game takes place in a wide open world, that looks pretty decent, with quite some variety. If you don't want to progress the story, you can simply ride your horse all over the area, which is decently large, providing room enough to explore, while being small enough to not get lost. There are rivers, ponds, hills and open areas, and almost everything is accessible. You can wade through rivers, and will be slowed down, but you will not get blocked.

Quite a few games have very difficult controls, but the controls in The Unicorn Princess are very easy to use, also for younger kids. Some games use tank-controls, which is very annoying for kids), but controls here are very intuitive. The left stick lets you maneuver the horse, while the <L1/R1> buttons (on PS4) control speed.

Pacing is good. There are some 15 chapters, and each one can be completed in about 10-15 minutes maximum. There is only one chapter which is kind of boring, in which you are expected to bring a cart of soda to a remote location and back. The cart rides at a snail-pace, AND you have to go all the way back with it too.

I encountered a few small technical issues, where Leila would get placed almost next to her horse, but this only occurred when I tried to climb a mountain that was clearly too steep (on the edge of the map, so it was not meant to be scaled).

When you are done with the story, you can collect miniature unicorn figurines which are scattered around the map, purchase clothings and different horses, which you can of course ride and groom. 

Grooming the horse is often a bit of a pain, but here it is pretty short and easy to do. Grooming your horse regularly ensures his performance, speed and ability to jump, so from time to time, grooming is a necessity.

All in all, The Unicorn Princess is a very decent horse-game, which should appeal to kids of the target age (6-10). It is accessible and easy to control, making it one of the better horse-games out there.

&#x200B;

If you want to see some gameplay of The Unicorn Princess, I have included my (part of the) playthrough:

[https://www.youtube.com/watch?v=RThLX82gXkY](https://www.youtube.com/watch?v=RThLX82gXkY)The Unicorn Princess - Review","{'The': 0.013986013986013986, 'Unicorn': 0.01048951048951049, 'Princess': 0.006993006993006993, 'by': 0.006993006993006993, 'Big': 0.0017482517482517483, 'Ben': 0.0017482517482517483, 'and': 0.022727272727272728, 'Toplitz': 0.0017482517482517483, 'productions': 0.0017482517482517483, 'was': 0.005244755244755245, 'released': 0.0017482517482517483, 'on': 0.005244755244755245, 'November': 0.0017482517482517483, '14th': 0.0017482517482517483, '2019': 0.0017482517482517483, 'PC': 0.0017482517482517483, '(Steam),': 0.0017482517482517483, 'Xbox': 0.0017482517482517483, 'One,': 0.0017482517482517483, 'PlayStation': 0.0017482517482517483, '4': 0.0017482517482517483, 'Nintendo': 0.0017482517482517483, 'Switch.': 0.0017482517482517483, ""Here's"": 0.0017482517482517483, 'the': 0.04020979020979021, 'trailer': 0.0017482517482517483, 'of': 0.019230769230769232, 'game:': 0.0017482517482517483, '[https://www.youtube.com/watch?v=tDY1rCD4uBc](https://www.youtube.com/watch?v=tDY1rCD4uBc)': 0.0017482517482517483, 'This': 0.0017482517482517483, 'game': 0.0034965034965034965, 'sees': 0.0017482517482517483, 'you': 0.026223776223776224, 'as': 0.005244755244755245, 'Leila,': 0.0017482517482517483, 'a': 0.02972027972027972, 'young': 0.0017482517482517483, 'girl,': 0.0017482517482517483, 'who': 0.0017482517482517483, 'loves': 0.0017482517482517483, 'riding': 0.0034965034965034965, 'her': 0.0034965034965034965, 'horse.': 0.0017482517482517483, 'One': 0.0017482517482517483, 'day,': 0.0017482517482517483, 'she': 0.0017482517482517483, 'gets': 0.0017482517482517483, 'called': 0.0017482517482517483, 'strange': 0.0017482517482517483, 'voice,': 0.0017482517482517483, 'which': 0.013986013986013986, 'turns': 0.0017482517482517483, 'out': 0.005244755244755245, 'to': 0.04020979020979021, 'belong': 0.0017482517482517483, 'unicorn': 0.0034965034965034965, 'from': 0.005244755244755245, 'Dream': 0.005244755244755245, 'World.': 0.0034965034965034965, 'Leila': 0.0034965034965034965, 'has': 0.0017482517482517483, 'help': 0.0034965034965034965, 'save': 0.0017482517482517483, 'World': 0.0017482517482517483, 'helping': 0.0017482517482517483, 'Guardian.': 0.0017482517482517483, 'She': 0.0017482517482517483, 'can': 0.013986013986013986, 'performing': 0.0017482517482517483, 'good': 0.0034965034965034965, 'deeds': 0.0034965034965034965, 'in': 0.012237762237762238, 'real': 0.0017482517482517483, 'world,': 0.0034965034965034965, 'then': 0.0017482517482517483, 'perform': 0.0017482517482517483, 'specific': 0.0034965034965034965, 'task': 0.0034965034965034965, 'vary': 0.0017482517482517483, 'between': 0.0017482517482517483, 'fetch': 0.0017482517482517483, 'quest,': 0.0017482517482517483, 'cleaning': 0.0017482517482517483, 'garbage': 0.0017482517482517483, 'piles': 0.0017482517482517483, '(by': 0.0017482517482517483, 'your': 0.005244755244755245, 'horse': 0.006993006993006993, 'over': 0.0034965034965034965, 'them),': 0.0017482517482517483, 'or': 0.0034965034965034965, 'delivering': 0.0017482517482517483, 'goods.': 0.0017482517482517483, 'DreamWorld': 0.0017482517482517483, 'tasks': 0.0017482517482517483, 'range': 0.0017482517482517483, 'running': 0.0017482517482517483, 'obstacle': 0.0017482517482517483, 'courses,': 0.0017482517482517483, 'where': 0.0034965034965034965, 'have': 0.006993006993006993, 'collect': 0.0034965034965034965, 'rings,': 0.0017482517482517483, 'finding': 0.0017482517482517483, 'object': 0.0017482517482517483, '(shield,': 0.0017482517482517483, 'helmet': 0.0017482517482517483, 'sword).': 0.0017482517482517483, 'There': 0.006993006993006993, 'is': 0.022727272727272728, 'no': 0.0017482517482517483, 'time-pressure': 0.0017482517482517483, 'any': 0.0017482517482517483, 'these': 0.0017482517482517483, 'tasks,': 0.0017482517482517483, 'so': 0.005244755244755245, 'anyone': 0.0017482517482517483, 'complete': 0.0017482517482517483, 'them': 0.0017482517482517483, 'at': 0.0034965034965034965, 'their': 0.0017482517482517483, 'own': 0.0017482517482517483, 'pace.': 0.0017482517482517483, 'It': 0.0034965034965034965, 'difficult': 0.0034965034965034965, 'actually': 0.0017482517482517483, 'fail': 0.0017482517482517483, 'task,': 0.0017482517482517483, 'but': 0.01048951048951049, 'if': 0.0017482517482517483, 'do': 0.0017482517482517483, 'that,': 0.0017482517482517483, 'easily': 0.0017482517482517483, 're-try': 0.0017482517482517483, 'many': 0.0017482517482517483, 'times': 0.0017482517482517483, 'want/need.': 0.0017482517482517483, 'takes': 0.0017482517482517483, 'place': 0.0017482517482517483, 'wide': 0.0017482517482517483, 'open': 0.0034965034965034965, 'that': 0.0034965034965034965, 'looks': 0.0017482517482517483, 'pretty': 0.0034965034965034965, 'decent,': 0.0017482517482517483, 'with': 0.005244755244755245, 'quite': 0.0017482517482517483, 'some': 0.005244755244755245, 'variety.': 0.0017482517482517483, 'If': 0.0034965034965034965, ""don't"": 0.0017482517482517483, 'want': 0.0034965034965034965, 'progress': 0.0017482517482517483, 'story,': 0.0034965034965034965, 'simply': 0.0017482517482517483, 'ride': 0.0034965034965034965, 'all': 0.0034965034965034965, 'area,': 0.0017482517482517483, 'decently': 0.0017482517482517483, 'large,': 0.0017482517482517483, 'providing': 0.0017482517482517483, 'room': 0.0017482517482517483, 'enough': 0.0034965034965034965, 'explore,': 0.0017482517482517483, 'while': 0.0034965034965034965, 'being': 0.0017482517482517483, 'small': 0.0034965034965034965, 'not': 0.005244755244755245, 'get': 0.005244755244755245, 'lost.': 0.0017482517482517483, 'are': 0.012237762237762238, 'rivers,': 0.0034965034965034965, 'ponds,': 0.0017482517482517483, 'hills': 0.0017482517482517483, 'areas,': 0.0017482517482517483, 'almost': 0.0034965034965034965, 'everything': 0.0017482517482517483, 'accessible.': 0.0017482517482517483, 'You': 0.0017482517482517483, 'wade': 0.0017482517482517483, 'through': 0.0017482517482517483, 'will': 0.0034965034965034965, 'be': 0.005244755244755245, 'slowed': 0.0017482517482517483, 'down,': 0.0017482517482517483, 'blocked.': 0.0017482517482517483, 'Quite': 0.0017482517482517483, 'few': 0.0034965034965034965, 'games': 0.0034965034965034965, 'very': 0.008741258741258742, 'controls,': 0.0017482517482517483, 'controls': 0.0034965034965034965, 'easy': 0.005244755244755245, 'use,': 0.0017482517482517483, 'also': 0.0017482517482517483, 'for': 0.0034965034965034965, 'younger': 0.0017482517482517483, 'kids.': 0.0017482517482517483, 'Some': 0.0017482517482517483, 'use': 0.0017482517482517483, 'tank-controls,': 0.0017482517482517483, 'annoying': 0.0017482517482517483, 'kids),': 0.0017482517482517483, 'here': 0.0034965034965034965, 'intuitive.': 0.0017482517482517483, 'left': 0.0017482517482517483, 'stick': 0.0017482517482517483, 'lets': 0.0017482517482517483, 'maneuver': 0.0017482517482517483, 'horse,': 0.0034965034965034965, '<L1/R1>': 0.0017482517482517483, 'buttons': 0.0017482517482517483, '(on': 0.0034965034965034965, 'PS4)': 0.0017482517482517483, 'control': 0.0017482517482517483, 'speed.': 0.0017482517482517483, 'Pacing': 0.0017482517482517483, 'good.': 0.0017482517482517483, '15': 0.0017482517482517483, 'chapters,': 0.0017482517482517483, 'each': 0.0017482517482517483, 'one': 0.005244755244755245, 'completed': 0.0017482517482517483, 'about': 0.0017482517482517483, '10-15': 0.0017482517482517483, 'minutes': 0.0017482517482517483, 'maximum.': 0.0017482517482517483, 'only': 0.0034965034965034965, 'chapter': 0.0017482517482517483, 'kind': 0.0017482517482517483, 'boring,': 0.0017482517482517483, 'expected': 0.0017482517482517483, 'bring': 0.0017482517482517483, 'cart': 0.0034965034965034965, 'soda': 0.0017482517482517483, 'remote': 0.0017482517482517483, 'location': 0.0017482517482517483, 'back.': 0.0017482517482517483, 'rides': 0.0017482517482517483, 'snail-pace,': 0.0017482517482517483, 'AND': 0.0017482517482517483, 'go': 0.0017482517482517483, 'way': 0.0017482517482517483, 'back': 0.0017482517482517483, 'it': 0.006993006993006993, 'too.': 0.0017482517482517483, 'I': 0.005244755244755245, 'encountered': 0.0017482517482517483, 'technical': 0.0017482517482517483, 'issues,': 0.0017482517482517483, 'would': 0.0017482517482517483, 'placed': 0.0017482517482517483, 'next': 0.0017482517482517483, 'this': 0.0017482517482517483, 'occurred': 0.0017482517482517483, 'when': 0.0017482517482517483, 'tried': 0.0017482517482517483, 'climb': 0.0017482517482517483, 'mountain': 0.0017482517482517483, 'clearly': 0.0017482517482517483, 'too': 0.0017482517482517483, 'steep': 0.0017482517482517483, 'edge': 0.0017482517482517483, 'map,': 0.0034965034965034965, 'meant': 0.0017482517482517483, 'scaled).': 0.0017482517482517483, 'When': 0.0017482517482517483, 'done': 0.0017482517482517483, 'miniature': 0.0017482517482517483, 'figurines': 0.0017482517482517483, 'scattered': 0.0017482517482517483, 'around': 0.0017482517482517483, 'purchase': 0.0017482517482517483, 'clothings': 0.0017482517482517483, 'different': 0.0017482517482517483, 'horses,': 0.0017482517482517483, 'course': 0.0017482517482517483, 'groom.': 0.0017482517482517483, 'Grooming': 0.0034965034965034965, 'often': 0.0017482517482517483, 'bit': 0.0017482517482517483, 'pain,': 0.0017482517482517483, 'short': 0.0017482517482517483, 'do.': 0.0017482517482517483, 'regularly': 0.0017482517482517483, 'ensures': 0.0017482517482517483, 'his': 0.0017482517482517483, 'performance,': 0.0017482517482517483, 'speed': 0.0017482517482517483, 'ability': 0.0017482517482517483, 'jump,': 0.0017482517482517483, 'time': 0.0017482517482517483, 'time,': 0.0017482517482517483, 'grooming': 0.0017482517482517483, 'necessity.': 0.0017482517482517483, 'All': 0.0017482517482517483, 'all,': 0.0017482517482517483, 'decent': 0.0017482517482517483, 'horse-game,': 0.0017482517482517483, 'should': 0.0017482517482517483, 'appeal': 0.0017482517482517483, 'kids': 0.0017482517482517483, 'target': 0.0017482517482517483, 'age': 0.0017482517482517483, '(6-10).': 0.0017482517482517483, 'accessible': 0.0017482517482517483, 'control,': 0.0017482517482517483, 'making': 0.0017482517482517483, 'better': 0.0017482517482517483, 'horse-games': 0.0017482517482517483, 'there.': 0.0017482517482517483, '&#x200B;': 0.0017482517482517483, 'see': 0.0017482517482517483, 'gameplay': 0.0017482517482517483, 'Princess,': 0.0017482517482517483, 'included': 0.0017482517482517483, 'my': 0.0017482517482517483, '(part': 0.0017482517482517483, 'the)': 0.0017482517482517483, 'playthrough:': 0.0017482517482517483, '[https://www.youtube.com/watch?v=RThLX82gXkY](https://www.youtube.com/watch?v=RThLX82gXkY)The': 0.0017482517482517483, '-': 0.0017482517482517483, 'Review': 0.0017482517482517483}",7.697546831328744,5.274167992168962,5.1765722247558115,5.2043936318914685,,0.0975957674131509,
43,0,e53e5e,AliceTheGamedev,1575312189.0,3,Kanna: An Open World Indie RPG with lots of horse variety ‚Äî The Mane Quest,,GamesWithHorses,2019-12-02 18:43:09,Kanna: An Open World Indie RPG with lots of horse variety ‚Äî The Mane Quest,"{'Kanna:': 0.06666666666666667, 'An': 0.06666666666666667, 'Open': 0.06666666666666667, 'World': 0.06666666666666667, 'Indie': 0.06666666666666667, 'RPG': 0.06666666666666667, 'with': 0.06666666666666667, 'lots': 0.06666666666666667, 'of': 0.06666666666666667, 'horse': 0.06666666666666667, 'variety': 0.06666666666666667, '‚Äî': 0.06666666666666667, 'The': 0.06666666666666667, 'Mane': 0.06666666666666667, 'Quest': 0.06666666666666667}",3.906890595608519,6.926477124389105,,7.394854526125501,,,
